<HL7Message>
<Segment><MSH>
<MSH.0>MSH</MSH.0><MSH.1>^~\&amp;</MSH.1><MSH.2>HNAM</MSH.2><MSH.3>FACILITY</MSH.3><MSH.4>CHARM</MSH.4><MSH.5>LIFEHOUSE</MSH.5><MSH.6>20130318153146</MSH.6><MSH.7></MSH.7><MSH.8><MSH.8.0>ORU</MSH.8.0><MSH.8.1>R01</MSH.8.1></MSH.8><MSH.9>Q665547156T753318890</MSH.9><MSH.10></MSH.10><MSH.11>2.3</MSH.11></MSH><PID><PID.0>PID</PID.0><PID.1>1</PID.1><PID.2><PID.2.0>1003085</PID.2.0><PID.2.1></PID.2.1><PID.2.2></PID.2.2><PID.2.3>CRGHMRN</PID.2.3><PID.2.4>MRN</PID.2.4><PID.2.5>CD:576145</PID.2.5></PID.2><PID.3><PID.3.0>453013</PID.3.0><PID.3.1></PID.3.1><PID.3.2></PID.3.2><PID.3.3>TCHMRN</PID.3.3><PID.3.4><PID.3.4.0>MRN</PID.3.4.0><PID.3.4.1>1003085</PID.3.4.1></PID.3.4><PID.3.5></PID.3.5><PID.3.6></PID.3.6><PID.3.7>CRGHMRN</PID.3.7><PID.3.8><PID.3.8.0>MRN</PID.3.8.0><PID.3.8.1>3111634</PID.3.8.1></PID.3.8><PID.3.9></PID.3.9><PID.3.10></PID.3.10><PID.3.11>SSWAHS UPI</PID.3.11><PID.3.12>CMRN</PID.3.12></PID.3><PID.4></PID.4><PID.5><PID.5.0>TESTPATIENT</PID.5.0><PID.5.1>Surginet</PID.5.1><PID.5.2>Two</PID.5.2><PID.5.3></PID.5.3><PID.5.4></PID.5.4><PID.5.5></PID.5.5><PID.5.6>L</PID.5.6></PID.5><PID.6></PID.6><PID.7>19890518</PID.7><PID.8>2</PID.8><PID.9><PID.9.0>PHAM</PID.9.0><PID.9.1>Thi Giang</PID.9.1><PID.9.2></PID.9.2><PID.9.3></PID.9.3><PID.9.4></PID.9.4><PID.9.5></PID.9.5><PID.9.6><PID.9.6.0>P</PID.9.6.0><PID.9.6.1>PHAM</PID.9.6.1></PID.9.6><PID.9.7>THI</PID.9.7><PID.9.8>GIANG</PID.9.8><PID.9.9></PID.9.9><PID.9.10></PID.9.10><PID.9.11></PID.9.11><PID.9.12><PID.9.12.0>P</PID.9.12.0><PID.9.12.1>TASTPATAN</PID.9.12.1></PID.9.12><PID.9.13>SARGANAT</PID.9.13><PID.9.14>TW</PID.9.14><PID.9.15></PID.9.15><PID.9.16></PID.9.16><PID.9.17></PID.9.17><PID.9.18>CD:6273310</PID.9.18></PID.9><PID.10>4</PID.10><PID.11><PID.11.0>6/39 Drummond St</PID.11.0><PID.11.1></PID.11.1><PID.11.2>BELMORE</PID.11.2><PID.11.3>NSW</PID.11.3><PID.11.4>2192</PID.11.4><PID.11.5>1101</PID.11.5><PID.11.6>HOME</PID.11.6><PID.11.7></PID.11.7><PID.11.8><PID.11.8.0>""</PID.11.8.0><PID.11.8.1>6/39 DRUMMOND STREET</PID.11.8.1></PID.11.8><PID.11.9></PID.11.9><PID.11.10>BELMORE</PID.11.10><PID.11.11>NSW</PID.11.11><PID.11.12>2192</PID.11.12><PID.11.13>1101</PID.11.13><PID.11.14>TEMP</PID.11.14><PID.11.15></PID.11.15><PID.11.16><PID.11.16.0>""</PID.11.16.0><PID.11.16.1>6/39 DRUMMOND ST</PID.11.16.1></PID.11.16><PID.11.17></PID.11.17><PID.11.18>BELMORE</PID.11.18><PID.11.19>NSW</PID.11.19><PID.11.20>2192</PID.11.20><PID.11.21>1101</PID.11.21><PID.11.22>MAL</PID.11.22><PID.11.23></PID.11.23><PID.11.24>""</PID.11.24></PID.11><PID.12></PID.12><PID.13><PID.13.0>(040)605-0007</PID.13.0><PID.13.1>HOME</PID.13.1><PID.13.2>""</PID.13.2></PID.13><PID.14></PID.14><PID.15>6302</PID.15><PID.16>5</PID.16><PID.17>7010</PID.17><PID.18></PID.18><PID.19>27115168121</PID.19><PID.20></PID.20><PID.21></PID.21><PID.22>""</PID.22><PID.23></PID.23><PID.24></PID.24><PID.25>0</PID.25><PID.26>1</PID.26><PID.27>""</PID.27><PID.28>1101</PID.28><PID.29></PID.29><PID.30>""</PID.30></PID><PV1><PV1.0>PV1</PV1.0><PV1.1>1</PV1.1><PV1.2>CD:623664</PV1.2><PV1.3><PV1.3.0>CD:577083</PV1.3.0><PV1.3.1></PV1.3.1><PV1.3.2></PV1.3.2><PV1.3.3>CD:8045</PV1.3.3><PV1.3.4></PV1.3.4><PV1.3.5>CD:1663</PV1.3.5><PV1.3.6>CD:8876</PV1.3.6></PV1.3><PV1.4>""</PV1.4><PV1.5></PV1.5><PV1.6></PV1.6><PV1.7></PV1.7><PV1.8></PV1.8><PV1.9></PV1.9><PV1.10>""</PV1.10><PV1.11><PV1.11.0>CD:144501493</PV1.11.0><PV1.11.1></PV1.11.1><PV1.11.2></PV1.11.2><PV1.11.3></PV1.11.3><PV1.11.4></PV1.11.4><PV1.11.5>CD:1681</PV1.11.5></PV1.11><PV1.12>""</PV1.12><PV1.13>""</PV1.13><PV1.14>""</PV1.14><PV1.15>""</PV1.15><PV1.16>""</PV1.16><PV1.17></PV1.17><PV1.18>X</PV1.18><PV1.19><PV1.19.0>R15861003085</PV1.19.0><PV1.19.1></PV1.19.1><PV1.19.2></PV1.19.2><PV1.19.3>CRGH Episode Number</PV1.19.3><PV1.19.4>VID</PV1.19.4><PV1.19.5>CD:576145</PV1.19.5></PV1.19><PV1.20>CD:32318</PV1.20><PV1.21></PV1.21><PV1.22>""</PV1.22><PV1.23></PV1.23><PV1.24></PV1.24><PV1.25></PV1.25><PV1.26></PV1.26><PV1.27></PV1.27><PV1.28></PV1.28><PV1.29></PV1.29><PV1.30></PV1.30><PV1.31></PV1.31><PV1.32></PV1.32><PV1.33></PV1.33><PV1.34></PV1.34><PV1.35></PV1.35><PV1.36>""</PV1.36><PV1.37>""</PV1.37><PV1.38>""</PV1.38><PV1.39>CD:8045</PV1.39><PV1.40></PV1.40><PV1.41>CD:248</PV1.41><PV1.42></PV1.42><PV1.43></PV1.43><PV1.44>19700101090000</PV1.44><PV1.45>19700101090100</PV1.45></PV1><OBR><OBR.0>OBR</OBR.0><OBR.1>1</OBR.1><OBR.2></OBR.2><OBR.3><OBR.3.0>49076859SN225983396</OBR.3.0><OBR.3.1><OBR.3.1.0>HNAM_CEREF</OBR.3.1.0><OBR.3.1.1>1801840907</OBR.3.1.1></OBR.3.1><OBR.3.2>HNAM_EVENTID</OBR.3.2></OBR.3><OBR.4><OBR.4.0>CD:165556393</OBR.4.0><OBR.4.1>Formbuilder Form-165556393</OBR.4.1><OBR.4.2></OBR.4.2><OBR.4.3>SN - In OR Instrument Sterilisation CA</OBR.4.3><OBR.4.4>SN - In OR Instrument Sterilisation CA</OBR.4.4></OBR.4><OBR.5></OBR.5><OBR.6></OBR.6><OBR.7>20130318153146</OBR.7><OBR.8>20130318153146</OBR.8><OBR.9></OBR.9><OBR.10></OBR.10><OBR.11></OBR.11><OBR.12></OBR.12><OBR.13></OBR.13><OBR.14></OBR.14><OBR.15></OBR.15><OBR.16></OBR.16><OBR.17></OBR.17><OBR.18></OBR.18><OBR.19></OBR.19><OBR.20></OBR.20><OBR.21></OBR.21><OBR.22>20130318153146</OBR.22><OBR.23></OBR.23><OBR.24>GRP</OBR.24><OBR.25>F</OBR.25></OBR></Segment></HL7Message>
